"Dataset","Sample","Assembly","total_reads","size","User_time","System_time","Elapsed_time","MRSS","File_outputs","CPU_percentage"
"V2","NGS_Ode","SAMD00025479","shiver",530872,87793823,5302.74,48.88," 1;25;41",1351208,17701152," 104%"
"V21","NGS_Ode","SAMD00025479","smaltalign",530872,87793823,1919.08,17.41," 12;20.81",1427636,2123080," 261%"
"V22","NGS_Ode","SAMD00025479","viralngs",530872,87793823,1155.54,32.73," 5;58.66",1381776,7544488," 331%"
"V23","NGS_Ode","SAMD00025479","vpipe",530872,87793823,15841.28,1057.77," 1;15;53",1777752,17429104," 371%"
"V24","NGS_Ode","SAMD00025480","shiver",554716,89303240,8501.61,58.86," 2;17;17",1626708,21937608," 103%"
"V211","NGS_Ode","SAMD00025480","smaltalign",554716,89303240,2037.82,18.65," 12;35.25",1427560,2103992," 272%"
"V221","NGS_Ode","SAMD00025480","viralngs",554716,89303240,1226.25,35.1," 6;06.79",1400592,8160216," 343%"
"V231","NGS_Ode","SAMD00025480","vpipe",554716,89303240,16501.03,991.37," 1;18;00",2377024,17654976," 373%"
"V25","NGS_Ode","SAMD00025481","shiver",588026,94313827,5712.52,50.49," 1;32;26",1426596,17582304," 103%"
"V212","NGS_Ode","SAMD00025481","smaltalign",588026,94313827,1959.75,19.76," 12;34.71",1427676,2097648," 262%"
"V222","NGS_Ode","SAMD00025481","viralngs",588026,94313827,1229.5,35.31," 6;03.75",1432988,8189120," 347%"
"V232","NGS_Ode","SAMD00025481","vpipe",588026,94313827,18979.99,2284.97," 1;33;41",1194132,17739824," 378%"
"V26","NGS_Ode","SAMD00025482","shiver",504448,79473613,8061.58,62.27," 2;10;22",1409932,20168576," 103%"
"V213","NGS_Ode","SAMD00025482","smaltalign",504448,79473613,1604.76,15.46," 8;39.10",1428668,2044432," 312%"
"V223","NGS_Ode","SAMD00025482","viralngs",504448,79473613,638.76,25.75," 2;45.89",909988,5101128," 400%"
"V233","NGS_Ode","SAMD00025482","vpipe",504448,79473613,16371.52,1309.64," 1;19;03",1201488,17251472," 372%"
"V27","NGS_Ode","SAMD00025483","shiver",587226,94841848,13598.25,90.29," 3;38;24",1412100,35291992," 104%"
"V214","NGS_Ode","SAMD00025483","smaltalign",587226,94841848,2058.7,18.9," 12;25.22",1428008,2114800," 278%"
"V224","NGS_Ode","SAMD00025483","viralngs",587226,94841848,1622.64,39.65," 6;43.36",1355352,9331504," 412%"
"V234","NGS_Ode","SAMD00025483","vpipe",587226,94841848,13365.44,795.82," 1;03;45",1203848,17047616," 370%"
"V28","NGS_Ode","SAMD00025484","shiver",354376,58601551,4228.95,33.53," 1;08;14",1429284,11681768," 104%"
"V215","NGS_Ode","SAMD00025484","smaltalign",354376,58601551,2070.89,16.95," 13;38.48",1427416,2129392," 255%"
"V225","NGS_Ode","SAMD00025484","viralngs",354376,58601551,886.91,24.76," 4;04.72",1042332,4923776," 372%"
"V235","NGS_Ode","SAMD00025484","vpipe",354376,58601551,12767,1235.39," 1;03;16",3466340,15955272," 368%"
"V29","NGS_Ode","SAMD00025485","shiver",539274,87325768,6118.69,52.61," 1;39;01",1629292,18773128," 103%"
"V216","NGS_Ode","SAMD00025485","smaltalign",539274,87325768,2014.82,18.61," 11;53.02",1427332,2121616," 285%"
"V226","NGS_Ode","SAMD00025485","viralngs",539274,87325768,1213.29,34.08," 6;00.07",1431168,7671936," 346%"
"V236","NGS_Ode","SAMD00025485","vpipe",539274,87325768,16700.04,1090.65," 1;19;37",2575764,17602032," 372%"
"V210","NGS_Ode","SAMD00025486","shiver",643172,108680500,5036.22,43.27," 1;21;04",1438240,17687208," 104%"
"V217","NGS_Ode","SAMD00025486","smaltalign",643172,108680500,2287.3,20.2," 15;36.89",1427552,2210568," 246%"
"V227","NGS_Ode","SAMD00025486","viralngs",643172,108680500,2169.98,45.04," 8;20.07",1469152,10733352," 442%"
"V237","NGS_Ode","SAMD00025486","vpipe",643172,108680500,16999.22,1879.63," 1;23;34",1203620,17611720," 376%"
"V218","NGS_Ode","SAMD00025487","shiver",262976,40164837,0,0," 0;00.00",3128,0," 80%"
"V219","NGS_Ode","SAMD00025487","smaltalign",262976,40164837,0.01,0.01," 0;00.02",3780,0," 117%"
"V228","NGS_Ode","SAMD00025487","viralngs",262976,40164837,3.3,1.64," 0;03.55",91760,248," 139%"
"V238","NGS_Ode","SAMD00025487","vpipe",262976,40164837,0.27,0.01," 0;00.29",43224,240," 100%"
"V220","NGS_Ode","SAMD00025488","shiver",524824,68528605,3684.83,45.28," 59;26.12",1509180,13227216," 104%"
"V2110","NGS_Ode","SAMD00025488","smaltalign",524824,68528605,1341.13,12.13," 8;12.41",1427324,1734920," 274%"
"V229","NGS_Ode","SAMD00025488","viralngs",524824,68528605,855.49,26.94," 5;27.12",1250724,5489936," 269%"
"V239","NGS_Ode","SAMD00025488","vpipe",524824,68528605,15232.78,1281.52," 1;13;36",1198900,16852208," 373%"
"V230","NGS_Ode","SAMD00025489","shiver",306226,44610448,3003.39,32.08," 48;34.89",1399028,9346240," 104%"
"V2111","NGS_Ode","SAMD00025489","smaltalign",306226,44610448,1790.83,15.84," 11;28.68",1427392,1896872," 262%"
"V2210","NGS_Ode","SAMD00025489","viralngs",306226,44610448,569.62,19.27," 2;52.55",831668,3286768," 341%"
"V2310","NGS_Ode","SAMD00025489","vpipe",306226,44610448,12622.85,1170.9," 1;01;37",1193408,15490672," 373%"
"V240","NGS_Ode","SAMD00025490","shiver",509040,82291095,11057.11,80.27," 2;57;58",1714244,30438328," 104%"
"V2112","NGS_Ode","SAMD00025490","smaltalign",509040,82291095,1869.37,17.95," 10;40.44",1427544,2102568," 294%"
"V2211","NGS_Ode","SAMD00025490","viralngs",509040,82291095,1161.18,32.06," 6;52.52",1388188,7224680," 289%"
"V2311","NGS_Ode","SAMD00025490","vpipe",509040,82291095,15656.76,918.07," 1;14;01",1197600,17307688," 373%"
"V241","NGS_Ode","SAMD00025491","shiver",475630,80646284,8614.29,62.83," 2;18;38",1536896,23454720," 104%"
"V2113","NGS_Ode","SAMD00025491","smaltalign",475630,80646284,2180.08,19.66," 13;52.82",1428616,2202168," 264%"
"V2212","NGS_Ode","SAMD00025491","viralngs",475630,80646284,1585.08,36.59," 6;46.11",1428752,7740280," 399%"
"V2312","NGS_Ode","SAMD00025491","vpipe",475630,80646284,11962.31,637.72," 56;57.30",1203408,16533920," 368%"
"V242","NGS_Ode","SAMD00025492","shiver",453178,67070447,5399.65,43.1," 1;27;16",1399656,15265048," 103%"
"V2114","NGS_Ode","SAMD00025492","smaltalign",453178,67070447,1906.68,16.6," 12;21.12",1427764,1970456," 259%"
"V2213","NGS_Ode","SAMD00025492","viralngs",453178,67070447,884.23,27.97," 4;30.44",1316792,5237976," 337%"
"V2313","NGS_Ode","SAMD00025492","vpipe",453178,67070447,17372.7,2038.86," 1;25;26",1201520,16981680," 378%"
"V243","NGS_Ode","SAMD00025493","shiver",587762,91631486,8650.97,57.42," 2;19;07",1477124,23207496," 104%"
"V2115","NGS_Ode","SAMD00025493","smaltalign",587762,91631486,1879.46,17.43," 11;21.87",1427332,2060768," 278%"
"V2214","NGS_Ode","SAMD00025493","viralngs",587762,91631486,1281.63,35.81," 7;08.48",1409808,8442664," 307%"
"V2314","NGS_Ode","SAMD00025493","vpipe",587762,91631486,21093.63,3567.05," 1;48;03",1184204,17708512," 380%"
"V244","NGS_Ode","SAMD00025494","shiver",389508,61148967,5589.39,43.98," 1;30;12",1514324,15172936," 104%"
"V2116","NGS_Ode","SAMD00025494","smaltalign",389508,61148967,1794.2,17.75," 10;53.44",1427692,2020960," 277%"
"V2215","NGS_Ode","SAMD00025494","viralngs",389508,61148967,844.2,24.42," 4;23.81",1062860,4872304," 329%"
"V2315","NGS_Ode","SAMD00025494","vpipe",389508,61148967,9735.58,484.6," 46;30.89",1204408,15818544," 366%"
"V245","NGS_Ode","SAMD00025495","shiver",515212,76421715,6836.48,56.8," 1;50;19",1527924,20343488," 104%"
"V2117","NGS_Ode","SAMD00025495","smaltalign",515212,76421715,1736.56,14.47," 10;57.45",1428076,1960920," 266%"
"V2216","NGS_Ode","SAMD00025495","viralngs",515212,76421715,1018.73,30.19," 5;33.28",1378148,6653088," 314%"
"V2316","NGS_Ode","SAMD00025495","vpipe",515212,76421715,16652.23,1582.89," 1;20;33",1198908,17214072," 377%"
"V246","NGS_Ode","SAMD00025496","shiver",180748,28813627,4767.77,44.35," 1;17;25",1434096,10963056," 103%"
"V2118","NGS_Ode","SAMD00025496","smaltalign",180748,28813627,1733.09,14.9," 9;36.41",1428204,1869624," 303%"
"V2217","NGS_Ode","SAMD00025496","viralngs",180748,28813627,200.3,10.65," 1;01.73",452312,1708160," 341%"
"V2317","NGS_Ode","SAMD00025496","vpipe",180748,28813627,12556.6,3368.42," 1;10;12",1184744,14302928," 378%"
"V247","NGS_Ode","SAMD00025497","shiver",629874,99455676,6968.39,58.72," 1;51;30",1348204,25327248," 105%"
"V2119","NGS_Ode","SAMD00025497","smaltalign",629874,99455676,1833.72,17.56," 10;31.46",1427192,2060728," 293%"
"V2218","NGS_Ode","SAMD00025497","viralngs",629874,99455676,1290.48,35.39," 8;06.71",1381756,8406208," 272%"
"V2318","NGS_Ode","SAMD00025497","vpipe",629874,99455676,18951.44,1752.29," 1;31;33",1198364,18129008," 376%"
"V248","NGS_Ode","SAMD00025498","shiver",561638,84494383,10421.86,70.22," 2;48;13",1686724,25761344," 103%"
"V2120","NGS_Ode","SAMD00025498","smaltalign",561638,84494383,1777.78,18.54," 10;42.24",1427220,1985640," 279%"
"V2219","NGS_Ode","SAMD00025498","viralngs",561638,84494383,1141.45,32.63," 6;04.82",1403556,7270520," 321%"
"V2319","NGS_Ode","SAMD00025498","vpipe",561638,84494383,19116.06,2898.15," 1;36;35",1186556,17324672," 379%"
"V249","NGS_Ode","SAMD00025499","shiver",222064,31996650,3188.74,40.86," 51;26.11",1419500,10432240," 104%"
"V2121","NGS_Ode","SAMD00025499","smaltalign",222064,31996650,1857.8,14.73," 10;41.96",1427396,1924256," 291%"
"V2220","NGS_Ode","SAMD00025499","viralngs",222064,31996650,413.72,14.74," 2;33.53",857300,2430768," 279%"
"V2320","NGS_Ode","SAMD00025499","vpipe",222064,31996650,14340.48,4106.09," 1;21;02",1182080,14509984," 379%"
"V250","NGS_Ode","SAMD00025500","shiver",239870,34745069,2458.82,27.02," 40;17.99",1341008,6432560," 102%"
"V2122","NGS_Ode","SAMD00025500","smaltalign",239870,34745069,1867.83,13.73," 10;42.47",1427740,1933944," 292%"
"V2221","NGS_Ode","SAMD00025500","viralngs",239870,34745069,567.78,16.26," 3;36.31",947348,2780528," 270%"
"V2321","NGS_Ode","SAMD00025500","vpipe",239870,34745069,15856.84,4310.43," 1;28;18",1182084,14721224," 380%"
"V251","NGS_Ode","SAMD00025501","shiver",295442,48743923,7671.05,55.77," 2;03;36",1348904,20952920," 104%"
"V2123","NGS_Ode","SAMD00025501","smaltalign",295442,48743923,2072.25,16.89," 11;36.90",1427204,2143728," 299%"
"V2222","NGS_Ode","SAMD00025501","viralngs",295442,48743923,693.42,20.91," 4;08.10",944256,3897712," 287%"
"V2322","NGS_Ode","SAMD00025501","vpipe",295442,48743923,18163.41,5109.45," 1;41;42",1178032,15092576," 381%"
"V252","NGS_Ode","SAMD00025502","shiver",920840,135973360,4352.94,43.3," 1;10;02",1473736,18734168," 104%"
"V2124","NGS_Ode","SAMD00025502","smaltalign",920840,135973360,1728.26,15.53," 10;27.69",1427312,1983936," 277%"
"V2223","NGS_Ode","SAMD00025502","viralngs",920840,135973360,1865.63,50.86," 10;33.77",1390832,12342360," 302%"
"V2323","NGS_Ode","SAMD00025502","vpipe",920840,135973360,24301.03,4059.85," 2;03;38",1183136,19773256," 382%"
"V253","NGS_Ode","SAMD00025503","shiver",559678,93663530,9169.78,66.56," 2;27;28",1489872,25877736," 104%"
"V2125","NGS_Ode","SAMD00025503","smaltalign",559678,93663530,2150.9,20.96," 14;02.56",1427280,2186008," 257%"
"V2224","NGS_Ode","SAMD00025503","viralngs",559678,93663530,1821.91,40.61," 7;26.75",1373480,9536288," 416%"
"V2324","NGS_Ode","SAMD00025503","vpipe",559678,93663530,16236.86,2165.38," 1;21;22",1186256,17027848," 376%"
"V254","NGS_Ode","SAMD00025504","shiver",306754,50964819,2657.84,29.22," 42;56.50",1352972,8667064," 104%"
"V2126","NGS_Ode","SAMD00025504","smaltalign",306754,50964819,2287.28,16," 13;30.06",1427312,2157600," 284%"
"V2225","NGS_Ode","SAMD00025504","viralngs",306754,50964819,676.15,21.31," 3;48.77",1005488,3890760," 304%"
"V2325","NGS_Ode","SAMD00025504","vpipe",306754,50964819,20276.69,5777.34," 1;53;09",1186516,15300744," 383%"
"V255","NGS_Ode","SAMD00025505","shiver",192572,31935278,3745.82,35.84," 1;00;53",1339528,9785008," 103%"
"V2127","NGS_Ode","SAMD00025505","smaltalign",192572,31935278,1912.59,17.81," 11;05.10",1427696,2031408," 290%"
"V2226","NGS_Ode","SAMD00025505","viralngs",192572,31935278,424.53,14.89," 2;53.74",916160,2348952," 252%"
"V2326","NGS_Ode","SAMD00025505","vpipe",192572,31935278,14570.58,4135.7," 1;22;11",1183456,14473128," 379%"
"V256","NGS_Ode","SAMD00025506","shiver",368898,56969763,6662.46,49.31," 1;47;47",1354728,16737088," 103%"
"V2128","NGS_Ode","SAMD00025506","smaltalign",368898,56969763,1868.03,16.53," 12;09.28",1427640,2027896," 258%"
"V2227","NGS_Ode","SAMD00025506","viralngs",368898,56969763,846.66,24.18," 4;03.89",1025820,4726048," 357%"
"V2327","NGS_Ode","SAMD00025506","vpipe",368898,56969763,11807.35,1165.79," 58;26.28",1189492,15976144," 369%"
"V257","NGS_Ode","SAMD00025507","shiver",490242,81439851,7267.42,57.44," 1;57;03",1350484,21413200," 104%"
"V2129","NGS_Ode","SAMD00025507","smaltalign",490242,81439851,2016.95,16.7," 12;27.69",1427176,2140368," 271%"
"V2228","NGS_Ode","SAMD00025507","viralngs",490242,81439851,1230.39,32.01," 6;04.56",1368936,6683480," 346%"
"V2328","NGS_Ode","SAMD00025507","vpipe",490242,81439851,13903.84,1307.28," 1;07;57",1197636,16647208," 373%"
"V258","NGS_Ode","SAMD00025508","shiver",703994,105376450,6236.77,55.58," 1;40;10",1346692,24237208," 104%"
"V2130","NGS_Ode","SAMD00025508","smaltalign",703994,105376450,2041.2,18.66," 11;57.18",1429216,2042144," 287%"
"V2229","NGS_Ode","SAMD00025508","viralngs",703994,105376450,1264.07,39.32," 7;34.67",1387616,9303176," 286%"
"V2329","NGS_Ode","SAMD00025508","vpipe",703994,105376450,50574.31,18439.14," 4;55;06",1347804,18737312," 389%"
"V259","NGS_Ode","SAMD00025509","shiver",578044,79121286,2216.25,29.81," 36;06.65",1342016,10802528," 103%"
"V2131","NGS_Ode","SAMD00025509","smaltalign",578044,79121286,1882.73,15.77," 10;58.11",1427424,1968216," 288%"
"V2230","NGS_Ode","SAMD00025509","viralngs",578044,79121286,1139.63,32.53," 8;57.05",1407372,7338016," 218%"
"V2330","NGS_Ode","SAMD00025509","vpipe",578044,79121286,46281.97,16622.29," 4;29;12",1179864,17806560," 389%"
"V260","NGS_Ode","SAMD00025510","shiver",571460,81208996,7077.64,55.72," 1;53;58",1475816,24292448," 104%"
"V2132","NGS_Ode","SAMD00025510","smaltalign",571460,81208996,2172.66,16.37," 13;06.51",1427344,2013208," 278%"
"V2231","NGS_Ode","SAMD00025510","viralngs",571460,81208996,1046.25,32.35," 6;54.17",1309568,7401792," 260%"
"V2331","NGS_Ode","SAMD00025510","vpipe",571460,81208996,34421.71,10730.51," 3;14;26",1181168,17555880," 387%"
"V261","NGS_Ode","SAMD00025511","shiver",263654,43334151,3786.02,34.11," 1;01;18",1540584,9616912," 103%"
"V2133","NGS_Ode","SAMD00025511","smaltalign",263654,43334151,2109.67,16.86," 12;19.68",1427164,2145216," 287%"
"V2232","NGS_Ode","SAMD00025511","viralngs",263654,43334151,537.22,18.71," 2;56.10",873996,3256824," 315%"
"V2332","NGS_Ode","SAMD00025511","vpipe",263654,43334151,21100.15,6051.28," 1;57;53",1179864,15205552," 383%"
"V262","NGS_Ode","SAMD00025512","shiver",784696,113663953,14035.81,101.43," 3;45;37",1420940,42435360," 104%"
"V2134","NGS_Ode","SAMD00025512","smaltalign",784696,113663953,2133.18,16.32," 12;24.20",1427528,2028744," 288%"
"V2233","NGS_Ode","SAMD00025512","viralngs",784696,113663953,1545.5,44.56," 8;20.65",1422964,10510256," 317%"
"V2333","NGS_Ode","SAMD00025512","vpipe",784696,113663953,61693.7,24308.39," 6;06;17",1172224,18972896," 391%"
"V263","NGS_Ode","SAMD00025513","shiver",710850,114747883,7790.57,70.28," 2;05;26",1540360,25895320," 104%"
"V2135","NGS_Ode","SAMD00025513","smaltalign",710850,114747883,2238.97,16.63," 13;21.39",1427288,2126192," 281%"
"V2234","NGS_Ode","SAMD00025513","viralngs",710850,114747883,1555.83,43.25," 8;45.33",1389168,10474616," 304%"
"V2334","NGS_Ode","SAMD00025513","vpipe",710850,114747883,40386.03,13954.5," 3;53;20",1185208,18111416," 388%"
"V264","NGS_Ode","SAMD00025514","shiver",590704,93520742,6079.97,50.83," 1;37;51",1353840,19433120," 104%"
"V2136","NGS_Ode","SAMD00025514","smaltalign",590704,93520742,2783.34,22.98," 18;12.69",1427456,2137232," 256%"
"V2235","NGS_Ode","SAMD00025514","viralngs",590704,93520742,1330.74,39.39," 5;59.62",1465760,8851608," 380%"
"V2335","NGS_Ode","SAMD00025514","vpipe",590704,93520742,35659.25,11630.59," 3;23;15",1402884,17630096," 387%"
"V265","NGS_Ode","SAMD00025515","shiver",631522,102776470,7927.43,62.12," 2;07;06",1362144,25562480," 104%"
"V2137","NGS_Ode","SAMD00025515","smaltalign",631522,102776470,2651.54,18," 16;58.97",1429404,2188408," 261%"
"V2236","NGS_Ode","SAMD00025515","viralngs",631522,102776470,2025.52,46.99," 8;34.70",1394972,10946224," 402%"
"V2336","NGS_Ode","SAMD00025515","vpipe",631522,102776470,30943.59,10280.12," 2;57;48",1186500,17105704," 386%"
"V266","NGS_Ode","SAMD00025516","shiver",627250,98597560,6007.57,54.22," 1;37;04",1567780,19377152," 104%"
"V2138","NGS_Ode","SAMD00025516","smaltalign",627250,98597560,2689.62,17.33," 16;28.87",1428292,2165064," 273%"
"V2237","NGS_Ode","SAMD00025516","viralngs",627250,98597560,2142.41,44.67," 9;16.70",1364688,10795152," 392%"
"V2337","NGS_Ode","SAMD00025516","vpipe",627250,98597560,30153.64,10735.24," 2;56;06",1180904,16865624," 386%"
"V267","NGS_Ode","SAMD00025517","shiver",175302,29227675,2918.86,31.54," 47;13.26",1414492,7667480," 104%"
"V2139","NGS_Ode","SAMD00025517","smaltalign",175302,29227675,2078.58,17.8," 12;50.92",1427508,1912824," 271%"
"V2238","NGS_Ode","SAMD00025517","viralngs",175302,29227675,407.8,15.47," 2;07.67",751284,2434320," 331%"
"V2338","NGS_Ode","SAMD00025517","vpipe",175302,29227675,10968.82,2970.77," 1;01;54",1184904,14201344," 375%"
"V268","NGS_Ode","SAMD00025518","shiver",637678,103107504,8901.2,65.94," 2;23;08",1525608,25318008," 104%"
"V2140","NGS_Ode","SAMD00025518","smaltalign",637678,103107504,2635.14,17.49," 17;29.55",1427672,2189192," 252%"
"V2239","NGS_Ode","SAMD00025518","viralngs",637678,103107504,1931.64,44.82," 7;39.93",1407904,10671576," 429%"
"V2339","NGS_Ode","SAMD00025518","vpipe",637678,103107504,25634.37,7528.38," 2;23;41",1182844,17452968," 384%"
"V269","NGS_Ode","SAMD00025519","shiver",783432,125972071,9863.19,77.8," 2;38;26",1372220,32256368," 104%"
"V2141","NGS_Ode","SAMD00025519","smaltalign",783432,125972071,2629.28,21.88," 16;21.68",1427796,2154096," 270%"
"V2240","NGS_Ode","SAMD00025519","viralngs",783432,125972071,1865.56,51.56," 8;14.68",1462624,11872568," 387%"
"V2340","NGS_Ode","SAMD00025519","vpipe",783432,125972071,44647.37,16482.39," 4;21;57",1185212,18555256," 388%"
"V270","NGS_Ode","SAMD00025520","shiver",784580,121361583,6827.4,61.39," 1;50;03",1363272,25819664," 104%"
"V2142","NGS_Ode","SAMD00025520","smaltalign",784580,121361583,2465.31,18.01," 15;21.69",1427248,2120632," 269%"
"V2241","NGS_Ode","SAMD00025520","viralngs",784580,121361583,2038.6,49.32," 8;47.67",1433760,11732792," 395%"
"V2341","NGS_Ode","SAMD00025520","vpipe",784580,121361583,53744.16,20297.1," 5;15;59",1182044,19155672," 390%"
"V271","NGS_Ode","SAMD00025521","shiver",775686,117534927,5681.24,56.87," 1;30;32",1352528,23914280," 105%"
"V2143","NGS_Ode","SAMD00025521","smaltalign",775686,117534927,2286.1,18.29," 13;45.20",1428448,2079600," 279%"
"V2242","NGS_Ode","SAMD00025521","viralngs",775686,117534927,1642,46.94," 8;18.07",1408960,11163424," 339%"
"V2342","NGS_Ode","SAMD00025521","vpipe",775686,117534927,46717.94,16960.52," 4;32;50",1187828,18712488," 388%"
"V272","NGS_Ode","SAMD00025522","shiver",401822,66258257,6905.34,54.74," 1;50;52",1399376,19967920," 104%"
"V2144","NGS_Ode","SAMD00025522","smaltalign",401822,66258257,2310.97,16.62," 12;54.77",1428796,2214744," 300%"
"V2243","NGS_Ode","SAMD00025522","viralngs",401822,66258257,1504.15,33.2," 7;19.55",1230912,7295608," 349%"
"V2343","NGS_Ode","SAMD00025522","vpipe",401822,66258257,13592.06,3660.61," 1;16;41",1186512,15403800," 374%"
"V273","NGS_Ode","SAMD00025523","shiver",212250,34517934,1733.12,23.35," 28;17.16",1356816,5739912," 103%"
"V2145","NGS_Ode","SAMD00025523","smaltalign",212250,34517934,2013.09,19.45," 11;17.44",1427324,2117712," 300%"
"V2244","NGS_Ode","SAMD00025523","viralngs",212250,34517934,493.02,16.15," 3;41.62",951268,2553576," 229%"
"V2344","NGS_Ode","SAMD00025523","vpipe",212250,34517934,17205.23,4987.53," 1;37;10",1184892,14743920," 380%"
"V274","NGS_Ode","SAMD00025524","shiver",733690,119380482,7780.62,55.18," 2;05;10",1380228,23260944," 104%"
"V2146","NGS_Ode","SAMD00025524","smaltalign",733690,119380482,2287.24,18.44," 15;07.56",1427048,2144208," 254%"
"V2245","NGS_Ode","SAMD00025524","viralngs",733690,119380482,2649.26,51.67," 9;41.67",1415372,12158096," 464%"
"V2345","NGS_Ode","SAMD00025524","vpipe",733690,119380482,13634.03,1192.46," 1;06;25",1192284,17707848," 371%"
"V275","NGS_Ode","SAMD00025525","shiver",451338,77236099,7247.13,54.69," 1;56;25",1341232,19950600," 104%"
"V2147","NGS_Ode","SAMD00025525","smaltalign",451338,77236099,2076.08,17.54," 12;15.90",1427808,2177280," 284%"
"V2246","NGS_Ode","SAMD00025525","viralngs",451338,77236099,1225.4,31.71," 6;00.65",1334400,6545480," 348%"
"V2346","NGS_Ode","SAMD00025525","vpipe",451338,77236099,9996.1,769.24," 49;00.19",1182800,16049744," 366%"
"V276","NGS_Ode","SAMD00025526","shiver",602638,88825167,2845.95,35.98," 46;26.42",1475832,12111872," 103%"
"V2148","NGS_Ode","SAMD00025526","smaltalign",602638,88825167,1664.62,14.55," 9;41.60",1427484,1972528," 288%"
"V2247","NGS_Ode","SAMD00025526","viralngs",602638,88825167,1366.98,34.51," 9;07.66",1340316,8150032," 255%"
"V2347","NGS_Ode","SAMD00025526","vpipe",602638,88825167,14789.74,1617.72," 1;13;24",1348012,16947632," 372%"
"V277","NGS_Ode","SAMD00025527","shiver",571730,80731137,3674.12,35.25," 59;20.91",1479580,12158080," 104%"
"V2149","NGS_Ode","SAMD00025527","smaltalign",571730,80731137,1596.38,14.7," 9;35.11",1427116,1906672," 280%"
"V2248","NGS_Ode","SAMD00025527","viralngs",571730,80731137,1212.56,31.6," 7;26.80",1381968,7317560," 278%"
"V2348","NGS_Ode","SAMD00025527","vpipe",571730,80731137,14615.5,1755.48," 1;13;10",1347260,16746904," 372%"
"V278","NGS_Ode","SAMD00025528","shiver",247164,41774532,4075.4,34.88," 1;06;05",1351160,10583576," 103%"
"V2150","NGS_Ode","SAMD00025528","smaltalign",247164,41774532,2709.5,21.08," 17;46.26",1427104,2198424," 256%"
"V2249","NGS_Ode","SAMD00025528","viralngs",247164,41774532,526.76,18.84," 2;35.87",820528,3176368," 350%"
"V2349","NGS_Ode","SAMD00025528","vpipe",247164,41774532,18842.38,5170.39," 1;44;43",1193600,15153096," 382%"
"V279","NGS_Ode","SAMD00025529","shiver",488454,78021803,3995.79,37.96," 1;04;28",1344308,13196344," 104%"
"V2151","NGS_Ode","SAMD00025529","smaltalign",488454,78021803,1976.6,15.09," 11;16.12",1427708,2080648," 294%"
"V2250","NGS_Ode","SAMD00025529","viralngs",488454,78021803,971.14,29.27," 6;42.18",1404280,5899400," 248%"
"V2350","NGS_Ode","SAMD00025529","vpipe",488454,78021803,35565.27,11903.29," 3;24;29",1190140,17117056," 386%"
"V280","NGS_Ode","SAMD00025530","shiver",447720,69043901,5537.2,43.33," 1;29;15",1492284,15847624," 104%"
"V2152","NGS_Ode","SAMD00025530","smaltalign",447720,69043901,1937.88,15.34," 12;37.99",1428324,2019880," 257%"
"V2251","NGS_Ode","SAMD00025530","viralngs",447720,69043901,1220.16,30.44," 5;12.91",1174348,6283328," 399%"
"V2351","NGS_Ode","SAMD00025530","vpipe",447720,69043901,9129.45,929.55," 45;57.21",1196232,15660312," 364%"
"V281","NGS_Ode","SAMD00025531","shiver",402752,66549993,6273.85,45.53," 1;40;56",1355180,16154784," 104%"
"V2153","NGS_Ode","SAMD00025531","smaltalign",402752,66549993,2039.91,16.82," 12;45.64",1428372,2143168," 268%"
"V2252","NGS_Ode","SAMD00025531","viralngs",402752,66549993,1043.38,28.9," 4;49.29",1187508,5745152," 370%"
"V2352","NGS_Ode","SAMD00025531","vpipe",402752,66549993,10233.76,1094.44," 51;16.09",1367776,15804208," 368%"
"V282","NGS_Ode","SAMD00025532","shiver",427908,68150008,6865.3,48.2," 1;50;39",1510980,17779112," 104%"
"V2154","NGS_Ode","SAMD00025532","smaltalign",427908,68150008,1906.79,15.54," 11;29.15",1427732,2075056," 278%"
"V2253","NGS_Ode","SAMD00025532","viralngs",427908,68150008,1035.73,27.89," 5;03.21",1226940,5648472," 350%"
"V2353","NGS_Ode","SAMD00025532","vpipe",427908,68150008,10722.3,1098.07," 53;29.09",1199912,15937128," 368%"
"V283","NGS_Ode","SAMD00025533","shiver",396370,60225389,2129.47,24.58," 34;41.26",1500980,6864392," 103%"
"V2155","NGS_Ode","SAMD00025533","smaltalign",396370,60225389,1741.69,14.63," 10;41.04",1427992,1977976," 273%"
"V2254","NGS_Ode","SAMD00025533","viralngs",396370,60225389,1120.51,27.62," 5;20.54",1003496,5653952," 358%"
"V2354","NGS_Ode","SAMD00025533","vpipe",396370,60225389,6219.2,686.83," 32;29.56",1199172,15044104," 354%"
"V284","NGS_Ode","SAMD00025534","shiver",351468,59503901,6501.21,49.09," 1;44;29",1358192,18546960," 104%"
"V2156","NGS_Ode","SAMD00025534","smaltalign",351468,59503901,2283.36,16.88," 14;52.22",1427428,2200440," 257%"
"V2255","NGS_Ode","SAMD00025534","viralngs",351468,59503901,1198.23,28.08," 4;47.24",991204,5920416," 426%"
"V2355","NGS_Ode","SAMD00025534","vpipe",351468,59503901,4344.92,560.36," 24;01.75",1198632,14691360," 340%"
"V285","NGS_Ode","SAMD00025535","shiver",757636,111219009,7642.08,77.7," 2;02;22",1560180,31980568," 105%"
"V2157","NGS_Ode","SAMD00025535","smaltalign",757636,111219009,1653.18,14.55," 9;33.16",1427320,1959568," 290%"
"V2256","NGS_Ode","SAMD00025535","viralngs",757636,111219009,1326.97,38.82," 8;39.86",1389624,8861720," 262%"
"V2356","NGS_Ode","SAMD00025535","vpipe",757636,111219009,25796.74,5600.87," 2;16;42",1190988,18968664," 382%"
"V286","NGS_Ode","SAMD00025536","shiver",571534,82724939,4338.19,44.62," 1;09;59",1690748,15312056," 104%"
"V2158","NGS_Ode","SAMD00025536","smaltalign",571534,82724939,1653.16,13.12," 9;39.43",1428004,1920168," 287%"
"V2257","NGS_Ode","SAMD00025536","viralngs",571534,82724939,925.22,28.85," 5;47.85",1355356,6405352," 274%"
"V2357","NGS_Ode","SAMD00025536","vpipe",571534,82724939,23326.85,4514.61," 2;01;38",1188864,17770112," 381%"
"V287","NGS_Ode","SAMD00025537","shiver",727170,103857804,6019.04,67.2," 1;36;01",1409932,25915032," 105%"
"V2159","NGS_Ode","SAMD00025537","smaltalign",727170,103857804,1692.85,14.87," 10;21.74",1427068,1917400," 274%"
"V2258","NGS_Ode","SAMD00025537","viralngs",727170,103857804,1213.93,36.81," 7;46.36",1377988,8669048," 268%"
"V2358","NGS_Ode","SAMD00025537","vpipe",727170,103857804,22586.27,3783.55," 1;55;27",1190184,18906968," 380%"
"V288","NGS_Ode","SAMD00025538","shiver",782588,109247072,7113.96,62.08," 1;54;12",1349668,27036792," 104%"
"V2160","NGS_Ode","SAMD00025538","smaltalign",782588,109247072,1590.99,14.52," 9;11.78",1427140,1901224," 290%"
"V2259","NGS_Ode","SAMD00025538","viralngs",782588,109247072,1305.23,40.19," 8;53.49",1353384,9263416," 252%"
"V2359","NGS_Ode","SAMD00025538","vpipe",782588,109247072,26077.41,5265.01," 2;16;12",1191724,19174512," 383%"
"V289","NGS_Ode","SAMD00025539","shiver",710486,102034227,6383.03,58.85," 1;43;25",1341476,22301936," 103%"
"V2161","NGS_Ode","SAMD00025539","smaltalign",710486,102034227,1850.39,15.1," 9;42.99",1427400,1956168," 319%"
"V2260","NGS_Ode","SAMD00025539","viralngs",710486,102034227,1558.42,38.24," 10;09.81",1385200,8693128," 261%"
"V2360","NGS_Ode","SAMD00025539","vpipe",710486,102034227,55773.53,21420.95," 5;30;15",1181144,18314992," 389%"
"V290","NGS_Ode","SAMD00025540","shiver",665346,95031066,6901.01,65.43," 1;50;51",1395824,26774160," 104%"
"V2162","NGS_Ode","SAMD00025540","smaltalign",665346,95031066,1817.04,16.67," 10;08.75",1427364,1939608," 301%"
"V2261","NGS_Ode","SAMD00025540","viralngs",665346,95031066,1221.59,35.47," 8;29.31",1316716,7878216," 246%"
"V2361","NGS_Ode","SAMD00025540","vpipe",665346,95031066,36546.73,11802.39," 3;28;26",1185464,17824856," 386%"
"V291","NGS_Ode","SAMD00025541","shiver",538112,78779091,6072.3,52.24," 1;37;43",1351216,20188360," 104%"
"V2163","NGS_Ode","SAMD00025541","smaltalign",538112,78779091,1862.74,14.67," 11;34.90",1427192,1954360," 270%"
"V2262","NGS_Ode","SAMD00025541","viralngs",538112,78779091,1062.91,31.29," 5;52.96",1340168,6567952," 310%"
"V2362","NGS_Ode","SAMD00025541","vpipe",538112,78779091,19148.16,2966.11," 1;37;31",1185732,17419528," 377%"
"V292","NGS_Ode","SAMD00025542","shiver",622126,84658010,7831.67,60.88," 2;06;09",1616956,22623240," 104%"
"V2164","NGS_Ode","SAMD00025542","smaltalign",622126,84658010,1676.23,13.4," 10;17.07",1427088,1857024," 273%"
"V2263","NGS_Ode","SAMD00025542","viralngs",622126,84658010,990.41,32.49," 5;40.47",1354156,7192720," 300%"
"V2363","NGS_Ode","SAMD00025542","vpipe",622126,84658010,20918.21,3288," 1;46;08",1187844,17872776," 380%"
"V293","NGS_Ode","SAMD00025543","shiver",603132,82172426,8133.61,74.74," 2;10;49",1418672,28561824," 104%"
"V2165","NGS_Ode","SAMD00025543","smaltalign",603132,82172426,1626.23,16.12," 9;26.64",1427372,1886176," 289%"
"V2264","NGS_Ode","SAMD00025543","viralngs",603132,82172426,1019.88,30.89," 6;42.18",1360924,6706312," 261%"
"V2364","NGS_Ode","SAMD00025543","vpipe",603132,82172426,22082.66,3610.57," 1;52;33",1193360,18128392," 380%"
"V294","NGS_Ode","SAMD00025544","shiver",764068,103453663,10674.27,80.71," 2;50;48",1595224,31310904," 104%"
"V2166","NGS_Ode","SAMD00025544","smaltalign",764068,103453663,1713.11,15.11," 10;49.68",1427160,1859808," 266%"
"V2265","NGS_Ode","SAMD00025544","viralngs",764068,103453663,1239.49,36.03," 7;19.41",1336844,8205672," 290%"
"V2365","NGS_Ode","SAMD00025544","vpipe",764068,103453663,22086.81,3394.6," 1;51;47",1206740,19033208," 379%"
"V295","NGS_Ode","SAMD00025545","shiver",1598524,180613156,15377.33,162.18," 4;02;23",1348280,68246600," 106%"
"V2167","NGS_Ode","SAMD00025545","smaltalign",1598524,180613156,1299.69,12.47," 7;42.30",1427052,1615688," 283%"
"V2266","NGS_Ode","SAMD00025545","viralngs",1598524,180613156,1875.56,58.02," 11;29.74",1403228,14433408," 280%"
"V2366","NGS_Ode","SAMD00025545","vpipe",1598524,180613156,30827.94,6633.42," 2;43;23",1179008,22245648," 382%"
"V296","NGS_Ode","SAMD00025546","shiver",1649546,184257930,5222.63,78.76," 1;22;48",1476652,32494304," 106%"
"V2168","NGS_Ode","SAMD00025546","smaltalign",1649546,184257930,1156.97,11.69," 6;30.97",1427064,1599144," 298%"
"V2267","NGS_Ode","SAMD00025546","viralngs",1649546,184257930,2206.77,57.57," 17;29.19",1505868,14963864," 215%"
"V2367","NGS_Ode","SAMD00025546","vpipe",1649546,184257930,31967.62,7621.23," 2;52;25",1189952,22090600," 382%"
"V297","NGS_Ode","SAMD00025547","shiver",1473726,171769521,10728.76,120.86," 2;49;21",1672256,46447992," 106%"
"V2169","NGS_Ode","SAMD00025547","smaltalign",1473726,171769521,1317.07,13.38," 7;59.50",1426964,1658248," 277%"
"V2268","NGS_Ode","SAMD00025547","viralngs",1473726,171769521,1087.03,46.8," 5;28.16",1216544,11732128," 345%"
"V2368","NGS_Ode","SAMD00025547","vpipe",1473726,171769521,30193.68,7065.21," 2;41;57",1361224,21341056," 383%"
"V298","NGS_Ode","SAMD00025548","shiver",1480630,169627746,14399.15,140.17," 3;47;38",1394904,57859824," 106%"
"V2170","NGS_Ode","SAMD00025548","smaltalign",1480630,169627746,1616.81,12.32," 10;16.70",1427328,1646376," 264%"
"V2269","NGS_Ode","SAMD00025548","viralngs",1480630,169627746,1862.97,57.06," 10;18.22",1430044,14016032," 310%"
"V2369","NGS_Ode","SAMD00025548","vpipe",1480630,169627746,75279.67,30530.12," 7;31;42",1360652,20941824," 390%"
"V299","NGS_Ode","SAMD00025549","shiver",1491396,165275758,15911.41,162.32," 4;08;55",1370368,59793312," 107%"
"V2171","NGS_Ode","SAMD00025549","smaltalign",1491396,165275758,1391.76,10.46," 8;05.79",1427368,1601512," 288%"
"V2270","NGS_Ode","SAMD00025549","viralngs",1491396,165275758,1823.75,53.7," 13;30.93",1411472,13919680," 231%"
"V2370","NGS_Ode","SAMD00025549","vpipe",1491396,165275758,71163.28,28002.3," 7;03;28",1183840,20996584," 390%"
"V2100","NGS_Ode","SAMD00025550","shiver",1625828,183851798,7271.16,95.44," 1;55;22",1516600,38080480," 106%"
"V2172","NGS_Ode","SAMD00025550","smaltalign",1625828,183851798,1238.29,10.86," 7;38.85",1427216,1589368," 272%"
"V2271","NGS_Ode","SAMD00025550","viralngs",1625828,183851798,2327.09,61.48," 13;58.23",1437472,15073824," 284%"
"V2371","NGS_Ode","SAMD00025550","vpipe",1625828,183851798,30883.18,7304.06," 2;46;15",1189596,21232296," 382%"
"V2101","NGS_Ode","SAMD00025551","shiver",1490532,172757826,12572.4,134.84," 3;17;34",1578940,53002048," 107%"
"V2173","NGS_Ode","SAMD00025551","smaltalign",1490532,172757826,1506.71,12.33," 8;47.90",1427116,1657984," 287%"
"V2272","NGS_Ode","SAMD00025551","viralngs",1490532,172757826,1928.83,55.68," 12;30.03",1395320,13688240," 264%"
"V2372","NGS_Ode","SAMD00025551","vpipe",1490532,172757826,67989.06,27134.51," 6;46;21",1182832,21058280," 390%"
"V2102","NGS_Ode","SAMD00025552","shiver",1403382,160060528,7918.53,115.8," 2;05;07",1453428,42581088," 107%"
"V2174","NGS_Ode","SAMD00025552","smaltalign",1403382,160060528,1156.22,10.65," 6;17.28",1427328,1598104," 309%"
"V2273","NGS_Ode","SAMD00025552","viralngs",1403382,160060528,1975.3,52.83," 14;08.53",1472508,13764032," 239%"
"V2373","NGS_Ode","SAMD00025552","vpipe",1403382,160060528,29976.28,6835.62," 2;40;52",1192532,20445144," 381%"
"V2103","NGS_Ode","SAMD00025553","shiver",712930,109237829,9600.73,70.44," 2;33;58",1353588,31540528," 104%"
"V2175","NGS_Ode","SAMD00025553","smaltalign",712930,109237829,2246.34,17.25," 13;20.24",1427312,2097096," 282%"
"V2274","NGS_Ode","SAMD00025553","viralngs",712930,109237829,1667.39,45.53," 8;30.22",1388860,10420520," 335%"
"V2374","NGS_Ode","SAMD00025553","vpipe",712930,109237829,44024.34,15771.07," 4;16;21",1189408,18390720," 388%"
"V2104","NGS_Ode","SAMD00025554","shiver",526140,87569286,4786.28,43.65," 1;17;27",1536904,14971312," 103%"
"V2176","NGS_Ode","SAMD00025554","smaltalign",526140,87569286,2992.04,19.02," 21;36.36",1427648,2242080," 232%"
"V2275","NGS_Ode","SAMD00025554","viralngs",526140,87569286,1836.38,41.47," 7;14.28",1430284,9626264," 432%"
"V2375","NGS_Ode","SAMD00025554","vpipe",526140,87569286,19828.6,5703.52," 1;51;26",1193360,16409416," 381%"
"V2105","NGS_Ode","SAMD00025555","shiver",538112,86321169,9033.38,68.74," 2;25;13",1569856,24964416," 104%"
"V2177","NGS_Ode","SAMD00025555","smaltalign",538112,86321169,2507.33,20.73," 14;37.19",1428628,2176168," 288%"
"V2276","NGS_Ode","SAMD00025555","viralngs",538112,86321169,1582.49,38.95," 6;58.87",1395820,9239848," 387%"
"V2376","NGS_Ode","SAMD00025555","vpipe",538112,86321169,24648.47,7655.24," 2;20;04",1178796,16581552," 384%"
"V2106","NGS_Ode","SAMD00025556","shiver",841250,124960191,4336.06,49.47," 1;10;34",1799316,18967992," 103%"
"V2178","NGS_Ode","SAMD00025556","smaltalign",841250,124960191,1893.6,15.96," 9;48.43",1427220,2036952," 324%"
"V2277","NGS_Ode","SAMD00025556","viralngs",841250,124960191,1941.71,48.08," 13;49.06",1411824,12206464," 240%"
"V2377","NGS_Ode","SAMD00025556","vpipe",841250,124960191,55386.09,20777.92," 5;26;00",1174884,19139360," 389%"
"V2107","NGS_Ode","SAMD00025557","shiver",754118,113814013,8755.63,71.11," 2;21;06",1539956,27190848," 104%"
"V2179","NGS_Ode","SAMD00025557","smaltalign",754118,113814013,2368.97,17.65," 14;44.42",1427700,2087928," 269%"
"V2278","NGS_Ode","SAMD00025557","viralngs",754118,113814013,1759.42,46.57," 9;22.66",1369788,11039752," 320%"
"V2378","NGS_Ode","SAMD00025557","vpipe",754118,113814013,45116.2,16467.76," 4;24;16",1182008,18564272," 388%"
"V2108","NGS_Ode","SAMD00025558","shiver",673102,101165763,5482.42,44.85," 1;28;21",1359032,18552672," 104%"
"V2180","NGS_Ode","SAMD00025558","smaltalign",673102,101165763,2653.83,19.12," 17;07.03",1427292,2076544," 260%"
"V2279","NGS_Ode","SAMD00025558","viralngs",673102,101165763,1292.14,39.61," 6;12.49",1425336,9142720," 357%"
"V2379","NGS_Ode","SAMD00025558","vpipe",673102,101165763,47335.86,16663.86," 4;33;33",1181192,18778752," 389%"
"V2109","NGS_Ode","SAMD00025559","shiver",461722,64192929,6479.22,55.32," 1;45;00",1350444,18110712," 103%"
"V2181","NGS_Ode","SAMD00025559","smaltalign",461722,64192929,1955.85,14.85," 12;09.17",1427272,1893488," 270%"
"V2280","NGS_Ode","SAMD00025559","viralngs",461722,64192929,777.46,24.88," 4;38.91",1331492,4710360," 287%"
"V2380","NGS_Ode","SAMD00025559","vpipe",461722,64192929,26688.43,8377.29," 2;31;42",1176412,16572744," 385%"
"V2182","NGS_Ode","SAMD00025560","shiver",598506,97766041,6044.21,50.64," 1;37;00",1439076,19538320," 104%"
"V2183","NGS_Ode","SAMD00025560","smaltalign",598506,97766041,1764.62,14.68," 9;38.53",1427120,2092952," 307%"
"V2281","NGS_Ode","SAMD00025560","viralngs",598506,97766041,1275.04,34.57," 7;14.12",1334768,8157616," 301%"
"V2381","NGS_Ode","SAMD00025560","vpipe",598506,97766041,15469.49,1906.46," 1;18;02",1196492,17244056," 371%"
"V2184","NGS_Ode","SAMD00025561","shiver",746762,110301935,6494.32,59.27," 1;44;44",1550120,22047880," 104%"
"V2185","NGS_Ode","SAMD00025561","smaltalign",746762,110301935,1621.93,13.88," 8;33.09",1428652,1986840," 318%"
"V2282","NGS_Ode","SAMD00025561","viralngs",746762,110301935,1551.37,40.9," 11;23.18",1403008,10199400," 233%"
"V2382","NGS_Ode","SAMD00025561","vpipe",746762,110301935,19977.08,3120.43," 1;42;22",1202244,18554352," 376%"
"V2186","NGS_Ode","SAMD00025562","shiver",791234,122470345,7330.22,72.88," 1;58;19",1515660,27192216," 104%"
"V2187","NGS_Ode","SAMD00025562","smaltalign",791234,122470345,1764.67,15.25," 9;36.40",1427464,2061088," 308%"
"V2283","NGS_Ode","SAMD00025562","viralngs",791234,122470345,1622.47,43.1," 9;55.73",1342232,10330216," 279%"
"V2383","NGS_Ode","SAMD00025562","vpipe",791234,122470345,20483.27,3310.7," 1;45;03",1195160,18871528," 377%"
"V2188","NGS_Ode","SAMD00025563","shiver",1102536,168049718,7542.58,63.22," 2;00;50",1467672,29653416," 104%"
"V2189","NGS_Ode","SAMD00025563","smaltalign",1102536,168049718,1900.35,14.98," 11;13.13",1427232,2065624," 284%"
"V2284","NGS_Ode","SAMD00025563","viralngs",1102536,168049718,3435.15,68.8," 14;34.16",1368848,16669160," 400%"
"V2384","NGS_Ode","SAMD00025563","vpipe",1102536,168049718,19699.73,3025.41," 1;40;34",1194872,19965056," 376%"
"V2190","NGS_Ode","SAMD00025564","shiver",576660,93494887,4861.27,42.63," 1;18;15",1573748,15163960," 104%"
"V2191","NGS_Ode","SAMD00025564","smaltalign",576660,93494887,2128.78,15.88," 12;52.99",1427004,2138880," 277%"
"V2285","NGS_Ode","SAMD00025564","viralngs",576660,93494887,1734.97,38.61," 7;31.72",1419436,9174904," 392%"
"V2385","NGS_Ode","SAMD00025564","vpipe",576660,93494887,11348.77,1068.92," 56;24.00",1191820,16597744," 366%"
"V2192","NGS_Ode","SAMD00025565","shiver",669770,97619193,15894.48,98.16," 4;15;00",1358644,42093808," 104%"
"V2193","NGS_Ode","SAMD00025565","smaltalign",669770,97619193,1748.54,14.21," 9;53.60",1427120,1953536," 296%"
"V2286","NGS_Ode","SAMD00025565","viralngs",669770,97619193,1378.61,36.02," 6;47.81",1343016,8597504," 346%"
"V2386","NGS_Ode","SAMD00025565","vpipe",669770,97619193,15184.95,2140.5," 1;17;20",1201488,17231920," 373%"
"V2194","NGS_Ode","SAMD00025566","shiver",429736,72403056,12458.97,80.17," 3;20;52",1709028,31161896," 104%"
"V2195","NGS_Ode","SAMD00025566","smaltalign",429736,72403056,1853.41,15.18," 11;21.23",1427572,2117336," 274%"
"V2287","NGS_Ode","SAMD00025566","viralngs",429736,72403056,939.47,26.69," 5;46.87",1298000,5307856," 278%"
"V2387","NGS_Ode","SAMD00025566","vpipe",429736,72403056,12190.07,964.22," 59;24.71",1195976,16443144," 369%"
"V2196","NGS_Ode","SAMD00025567","shiver",651766,102331493,9564.62,61.52," 2;33;57",1428220,24472552," 104%"
"V2197","NGS_Ode","SAMD00025567","smaltalign",651766,102331493,1870.02,15.7," 11;29.95",1427952,2061056," 273%"
"V2288","NGS_Ode","SAMD00025567","viralngs",651766,102331493,1424.28,37.47," 8;06.21",1357496,8831936," 300%"
"V2388","NGS_Ode","SAMD00025567","vpipe",651766,102331493,16730.3,1631.65," 1;21;27",1201964,17769336," 375%"
"V2198","NGS_Ode","SAMD00025568","shiver",654022,104140868,10713.89,76.46," 2;51;51",1491256,31281568," 104%"
"V2199","NGS_Ode","SAMD00025568","smaltalign",654022,104140868,1695,17.94," 9;37.25",1427216,2061824," 296%"
"V2289","NGS_Ode","SAMD00025568","viralngs",654022,104140868,1499.75,38.1," 9;25.67",1358928,9074616," 271%"
"V2389","NGS_Ode","SAMD00025568","vpipe",654022,104140868,17541.71,2600.88," 1;29;17",1195720,17509280," 375%"
"V2200","NGS_Ode","SAMD00025569","shiver",914632,132180963,9519.36,84.55," 2;33;41",1355736,31594568," 104%"
"V21100","NGS_Ode","SAMD00025569","smaltalign",914632,132180963,1577.1,16.06," 9;15.55",1427356,1949800," 286%"
"V2290","NGS_Ode","SAMD00025569","viralngs",914632,132180963,1961.14,49.92," 12;11.74",1393188,12348248," 274%"
"V2390","NGS_Ode","SAMD00025569","vpipe",914632,132180963,23328.69,4302.43," 2;01;26",1202288,19235696," 379%"
